missionary_effectiveness,royal_intolerance,duration_ticks,n,control_mean,control_sd,control_ci_low,control_ci_high,control_ci_half_width,profit_mean,profit_sd,profit_ci_low,profit_ci_high,profit_ci_half_width,kingdoms_mean,religion_mean,dependency_mean
0.1,0.2,450,20,0.0,0.0,0.0,0.0,0.0,-54.546563428953746,93.75058607079151,-98.42318832039386,-10.66993853751363,43.876624891440116,0.0,0.03194661651123103,0.025955065741113798
0.1,0.3,450,20,0.0,0.0,0.0,0.0,0.0,-123.94650939115895,78.88745885677417,-160.86697662198713,-87.02604216033077,36.92046723082819,0.0,0.029843578862041725,0.024124660827300803
0.1,0.4,450,20,0.0,0.0,0.0,0.0,0.0,-153.31240221642813,46.30856700266799,-174.9854787143384,-131.63932571851785,21.673076497910262,0.0,0.020942158904425447,0.017741829655214255
0.1,0.5,450,20,0.0,0.0,0.0,0.0,0.0,-177.47835967910072,33.45185841464054,-193.13431133867155,-161.8224080195299,15.655951659570844,0.0,0.014274810107761354,0.01658147891041764
0.1,0.6,450,20,0.0,0.0,0.0,0.0,0.0,-188.88482040148946,10.881021461235477,-193.9772952019119,-183.79234560106704,5.092474800422417,0.0,0.010265597211725739,0.013129062918086748
0.1,0.7,450,20,0.0,0.0,0.0,0.0,0.0,-192.7308577584058,5.132838959353309,-195.13310033721652,-190.32861517959506,2.4022425788107244,0.0,0.005752319951834085,0.011350808347323832
0.1,0.8,450,20,0.0,0.0,0.0,0.0,0.0,-192.36904553865944,4.24441832446844,-194.35549446138333,-190.38259661593554,1.9864489227238835,0.0,0.00489127720201592,0.00831179825093652
0.15,0.2,450,20,0.0,0.0,0.0,0.0,0.0,-29.43769429750599,91.37941399687261,-72.20457649825148,13.32918790323951,42.7668822007455,0.0,0.07081955823502978,0.03118059590906382
0.15,0.3,450,20,0.0,0.0,0.0,0.0,0.0,-85.99413690916161,95.11200500369021,-130.50792547437115,-41.48034834395208,44.51378856520953,0.0,0.0591858606008525,0.02968419438820257
0.15,0.4,450,20,0.0,0.0,0.0,0.0,0.0,-137.76707805013766,80.47775347392937,-175.4318260722465,-100.1023300280288,37.66474802210885,0.0,0.048585200272856156,0.02460743748814198
0.15,0.5,450,20,0.0,0.0,0.0,0.0,0.0,-163.67400161035488,35.85192908063565,-180.45322091803726,-146.8947823026725,16.779219307682382,0.0,0.03707026229324202,0.02280604430793152
0.15,0.6,450,20,0.0,0.0,0.0,0.0,0.0,-188.021460911269,23.05786973563867,-198.81287612890154,-177.23004569363647,10.791415217632524,0.0,0.021074952972478363,0.012468758931792966
0.15,0.7,450,20,0.0,0.0,0.0,0.0,0.0,-190.16113481009052,8.97568829293224,-194.36188623871732,-185.9603833814637,4.200751428626813,0.0,0.015474486533355494,0.012659245357587057
0.15,0.8,450,20,0.0,0.0,0.0,0.0,0.0,-191.5704997323457,5.133527426866399,-193.9730645238709,-189.1679349408205,2.4025647915252026,0.0,0.011100864421278046,0.011745726566296607
0.2,0.2,450,20,0.003333333333333333,0.01025978352085154,-0.001468393161174769,0.008135059827841434,0.004801726494508102,-10.606706044305563,97.88203576035069,-56.416908909858435,35.20349682124731,45.810202865552874,0.0,0.11531525834181408,0.03577638080360655
0.2,0.3,450,20,0.0016666666666666666,0.007453559924999299,-0.001821706757347105,0.0051550400906804385,0.0034883734240137715,-21.911429128577428,115.28738982627027,-75.86758844582002,32.044730188665156,53.95615931724259,0.0,0.09527577190299961,0.03624082498451962
0.2,0.4,450,20,0.0016666666666666666,0.007453559924999299,-0.001821706757347105,0.0051550400906804385,0.0034883734240137715,-108.8835041291339,80.3154762079898,-146.4723040529486,-71.29470420531919,37.588799923814705,0.0,0.07743771353491155,0.03506854756837152
0.2,0.5,450,20,0.0,0.0,0.0,0.0,0.0,-157.26311578721814,74.02829795643079,-191.90942571357328,-122.616805860863,34.64630992635515,0.0,0.05437111413697795,0.026849689225526087
0.2,0.6,450,20,0.0,0.0,0.0,0.0,0.0,-185.24576911835533,20.30759818866368,-194.7500176304368,-175.74152060627387,9.50424851208146,0.0,0.04604404707187558,0.019510190247947402
0.2,0.7,450,20,0.0,0.0,0.0,0.0,0.0,-188.01657938571276,10.918383572212974,-193.1265401923269,-182.90661857909862,5.109960806614145,0.0,0.03177903797356728,0.01859058688291643
0.2,0.8,450,20,0.0,0.0,0.0,0.0,0.0,-192.2491375000356,7.65873689055781,-195.83353669979627,-188.66473830027493,3.5843991997606763,0.0,0.01882095008366666,0.012610552771847635
0.25,0.2,450,20,0.003333333333333333,0.01025978352085154,-0.001468393161174769,0.008135059827841434,0.004801726494508102,94.29397230511675,65.79097998693204,63.502845858748614,125.08509875148489,30.791126446368143,0.0,0.15869304579529692,0.04533067971133632
0.25,0.3,450,20,0.0016666666666666666,0.007453559924999299,-0.001821706757347105,0.0051550400906804385,0.0034883734240137715,20.699353815809268,112.65663106462672,-32.02557250116874,73.42428013278727,52.72492631697801,0.0,0.13227469401697028,0.047088412327717946
0.25,0.4,450,20,0.005,0.012211584951084108,-0.0007151976823279275,0.010715197682327928,0.005715197682327928,-89.35453838897298,95.74221868907908,-134.1632760380675,-44.54580073987848,44.8087376490945,0.0,0.10752275590739264,0.03302632745721558
0.25,0.5,450,20,0.0016666666666666666,0.007453559924999299,-0.001821706757347105,0.0051550400906804385,0.0034883734240137715,-126.06612359392693,77.55696220521585,-162.36389922413238,-89.76834796372148,36.29777563020544,0.0,0.09647324746758883,0.04001828340221758
0.25,0.6,450,20,0.0,0.0,0.0,0.0,0.0,-176.68788797697243,27.15421014567715,-189.396449520103,-163.97932643384186,12.708561543130575,0.0,0.06254736431998162,0.022296610788440786
0.25,0.7,450,20,0.003333333333333333,0.01025978352085154,-0.001468393161174769,0.008135059827841434,0.004801726494508102,-172.86939449894817,57.491538273662925,-199.77626265826402,-145.96252633963232,26.90686815931586,0.0,0.0449772652739243,0.020343959846440284
0.25,0.8,450,20,0.0,0.0,0.0,0.0,0.0,-191.32384448951456,7.421604695765727,-194.79726240588656,-187.85042657314256,3.473417916372009,0.0,0.028405412887548526,0.015196765514779059
0.3,0.2,450,20,0.005,0.012211584951084108,-0.0007151976823279275,0.010715197682327928,0.005715197682327928,72.01869753116527,97.0085765966801,26.61728613762972,117.42010892470083,45.401411393535554,0.0,0.18375920342613955,0.05240173570838628
0.3,0.3,450,20,0.008333333333333333,0.014808721943977308,0.0014026381228853064,0.01526402854378136,0.006930695210448027,108.01506014505546,142.25012790712876,41.43995096944441,174.59016932066652,66.57510917561105,0.0,0.1716605503624981,0.05368944181176603
0.3,0.4,450,20,0.008333333333333333,0.014808721943977308,0.0014026381228853064,0.01526402854378136,0.006930695210448027,-43.79824147547126,90.28523336039677,-86.05303137512036,-1.5434515758221607,42.2547898996491,0.0,0.14689305611600828,0.04663235688242819
0.3,0.5,450,20,0.005,0.012211584951084108,-0.0007151976823279275,0.010715197682327928,0.005715197682327928,-138.4298716967948,71.8679762012709,-172.06511991923279,-104.79462347435683,33.63524822243798,0.0,0.10982333494800185,0.034010872154861024
0.3,0.6,450,20,0.003333333333333333,0.01025978352085154,-0.001468393161174769,0.008135059827841434,0.004801726494508102,-159.5124457680775,65.25543934772196,-190.052931480072,-128.971960056083,30.540485711994492,0.0,0.08326351101109161,0.028722132910162162
0.3,0.7,450,20,0.005,0.012211584951084108,-0.0007151976823279275,0.010715197682327928,0.005715197682327928,-183.10237157801586,17.349000490262533,-191.2219537444448,-174.98278941158694,8.119582166428936,0.0,0.06160192177764009,0.027401380368621425
0.3,0.8,450,20,0.0,0.0,0.0,0.0,0.0,-194.06950803887693,4.446464569730526,-196.15051751514653,-191.98849856260733,2.08100947626959,0.0,0.03431097170908788,0.008625072751978161
0.35,0.2,450,20,0.006666666666666666,0.017438278792686564,-0.0014946990314774304,0.014828032364810763,0.008161365698144097,133.5826277800943,146.86003673625356,64.8500148601705,202.31524070001808,68.7326129199238,0.0,0.2443739717715792,0.06060986437346041
0.35,0.3,450,20,0.003333333333333333,0.01025978352085154,-0.001468393161174769,0.008135059827841434,0.004801726494508102,-4.6797682701957175,143.4128946438722,-71.79906902990857,62.43953248951713,67.11930075971284,0.0,0.20535208731094637,0.04950623501885137
0.35,0.4,450,20,0.013333333333333332,0.01675415633166782,0.00549214680270145,0.021174519863965215,0.007841186530631882,-26.78977656825047,142.98666487291376,-93.70959565470973,40.13004251820878,66.91981908645926,0.0,0.1840146323123861,0.054217540680581544
0.35,0.5,450,20,0.005,0.012211584951084108,-0.0007151976823279275,0.010715197682327928,0.005715197682327928,-64.33621432395745,107.10525772292118,-114.46301794160183,-14.209410706313072,50.12680361764438,0.0,0.14357421890910269,0.05053506602988295
0.35,0.6,450,20,0.005,0.012211584951084108,-0.0007151976823279275,0.010715197682327928,0.005715197682327928,-145.33776599177367,67.04035044224436,-176.71361581018337,-113.96191617336396,31.37584981840971,0.0,0.116379831219661,0.0368272985296419
0.35,0.7,450,20,0.006666666666666666,0.013679711361135388,0.0002643646739891965,0.013068968659344135,0.00640230199267747,-164.68266358652536,53.08232968847987,-189.5259586070652,-139.83936856598552,24.84329502053984,0.0,0.0789416790038481,0.031322233303994945
0.35,0.8,450,20,0.0,0.0,0.0,0.0,0.0,-187.55786274123773,20.705022530152508,-197.2481115705979,-177.86761391187756,9.690248829360177,0.0,0.04866575433764872,0.021318195634407636
0.4,0.2,450,20,0.028333333333333332,0.032936231138936144,0.012918702667135197,0.043747963999531465,0.015414630666198135,216.73726251605117,129.31412946972446,156.21638697057077,277.2581380615316,60.520875545480415,0.0,0.2845532262651735,0.0741640141279575
0.4,0.3,450,20,0.025,0.02128887912195017,0.01503649787439529,0.034963502125604715,0.009963502125604711,105.37508496224925,126.8111961084162,46.025618288170115,164.72455163632839,59.34946667407913,0.0,0.24235695684060138,0.06798386402780895
0.4,0.4,450,20,0.021666666666666667,0.02916979933051402,0.008014780347608278,0.03531855298572506,0.01365188631905839,-5.945425002482654,148.44371696628528,-75.41922308522369,63.52837308025839,69.47379808274104,0.0,0.21708235079429983,0.062353978982725114
0.4,0.5,450,20,0.006666666666666666,0.017438278792686564,-0.0014946990314774304,0.014828032364810763,0.008161365698144097,-42.0394701779248,124.5968325008214,-100.35258278259761,16.27364242674801,58.31311260467281,0.0,0.16267604288670984,0.05488597161368499
0.4,0.6,450,20,0.015,0.02016017729430998,0.005564746590283378,0.02443525340971662,0.009435253409716621,-116.37302651129876,116.5163322526676,-170.90434858875594,-61.841704433841585,54.531322077457176,0.0,0.13333575336185705,0.04755137070308997
0.4,0.7,450,20,0.006666666666666666,0.017438278792686564,-0.0014946990314774304,0.014828032364810763,0.008161365698144097,-166.60284177567885,86.87657711475758,-207.2623314458356,-125.94335210552211,40.65948967015675,0.0,0.08455226694941005,0.02996560019955911
0.4,0.8,450,20,0.0016666666666666666,0.007453559924999299,-0.001821706757347105,0.0051550400906804385,0.0034883734240137715,-191.26910555296848,6.959920667431008,-194.52644869286587,-188.0117624130711,3.2573431398973827,0.0,0.05711455600753475,0.017996675682146267
