initial_traders,trade_attractiveness,n,control_mean,widespread_probability,widespread_wilson_low,widespread_wilson_high,dependency_mean,religion_mean
0,0.4,5,0.0,0.0,0.0,0.43448246478317476,0.0,0.7368217356766598
0,0.6,5,0.0,0.0,0.0,0.43448246478317476,0.0,0.7280776169154451
0,0.8,5,0.0,0.0,0.0,0.43448246478317476,0.0,0.7582884722294793
0,1.0,5,0.0,0.0,0.0,0.43448246478317476,0.0,0.7386905030577549
4,0.4,5,0.0,0.0,0.0,0.43448246478317476,0.01372899637751645,0.7412786020200293
4,0.6,5,0.02,0.0,0.0,0.43448246478317476,0.05243644654675467,0.7311361408133699
4,0.8,5,0.03333333333333333,0.0,0.0,0.43448246478317476,0.09104335900450138,0.785453525331353
4,1.0,5,0.16666666666666669,0.0,0.0,0.43448246478317476,0.17157243656519566,0.7496327024613519
8,0.4,5,0.026666666666666665,0.0,0.0,0.43448246478317476,0.0815448253202473,0.7393001264813897
8,0.6,5,0.2533333333333333,0.0,0.0,0.43448246478317476,0.2446728860832196,0.7639413090338643
8,0.8,5,0.32666666666666666,0.0,0.0,0.43448246478317476,0.3669059965172371,0.7525978917573436
8,1.0,5,0.47333333333333333,0.4,0.11762077423264783,0.769275718723987,0.47842686353439906,0.7296007307034558
12,0.4,5,0.21333333333333332,0.0,0.0,0.43448246478317476,0.21866105775526062,0.7323575849864117
12,0.6,5,0.38,0.2,0.03622410863243014,0.6244653702374747,0.40586813572260294,0.7629764292884649
12,0.8,5,0.4666666666666667,0.4,0.11762077423264783,0.769275718723987,0.5143072096037447,0.6609116525727773
12,1.0,5,0.5933333333333334,1.0,0.5655175352168251,1.0,0.6419197874331347,0.6450019298037402
16,0.4,5,0.37333333333333335,0.0,0.0,0.43448246478317476,0.36653266355473374,0.723792172344073
16,0.6,5,0.5066666666666666,0.8,0.37553462976252533,0.9637758913675698,0.5052552376197615,0.6604460439637343
16,0.8,5,0.6333333333333333,1.0,0.5655175352168251,1.0,0.7005296294595655,0.6236970160948869
16,1.0,5,0.7066666666666667,1.0,0.5655175352168251,1.0,0.7634132973251633,0.6417353080953555
20,0.4,5,0.5,0.6,0.2307242812760128,0.882379225767352,0.49276522837407655,0.7179583094189097
20,0.6,5,0.5599999999999999,0.8,0.37553462976252533,0.9637758913675698,0.5967349648043536,0.6358862781893679
20,0.8,5,0.6333333333333333,1.0,0.5655175352168251,1.0,0.6946557917583116,0.6359096678489505
20,1.0,5,0.7133333333333333,1.0,0.5655175352168251,1.0,0.8079209345422045,0.620038003444162
24,0.4,5,0.5533333333333333,0.8,0.37553462976252533,0.9637758913675698,0.5668230890777199,0.6662363457436485
24,0.6,5,0.5933333333333334,0.8,0.37553462976252533,0.9637758913675698,0.6716964962067447,0.6310856839575637
24,0.8,5,0.7,1.0,0.5655175352168251,1.0,0.7820167816586201,0.6294382006670446
24,1.0,5,0.6666666666666666,1.0,0.5655175352168251,1.0,0.7718194660888048,0.5563967379394849
28,0.4,5,0.5333333333333333,0.6,0.2307242812760128,0.882379225767352,0.5717064763792227,0.6439553618142054
28,0.6,5,0.6666666666666666,1.0,0.5655175352168251,1.0,0.7432356726014967,0.6482173342620354
28,0.8,5,0.6666666666666666,1.0,0.5655175352168251,1.0,0.7344390294150486,0.5751898510850826
28,1.0,5,0.7333333333333334,1.0,0.5655175352168251,1.0,0.8233819157313796,0.5684054402848369
32,0.4,5,0.6,1.0,0.5655175352168251,1.0,0.667643697923306,0.6443306066313801
32,0.6,5,0.6599999999999999,1.0,0.5655175352168251,1.0,0.7483500153343438,0.6349518918325116
32,0.8,5,0.7,1.0,0.5655175352168251,1.0,0.7970258696992489,0.5557626672054401
32,1.0,5,0.72,1.0,0.5655175352168251,1.0,0.8507418732742968,0.5447997327223121
36,0.4,5,0.6399999999999999,1.0,0.5655175352168251,1.0,0.6816098706224182,0.6578719981293324
36,0.6,5,0.6799999999999999,1.0,0.5655175352168251,1.0,0.7583653962799966,0.5765656304284917
36,0.8,5,0.7266666666666667,1.0,0.5655175352168251,1.0,0.8202674886452936,0.5806213700189773
36,1.0,5,0.7266666666666667,1.0,0.5655175352168251,1.0,0.8107755320004284,0.5201551218425333
40,0.4,5,0.6599999999999999,1.0,0.5655175352168251,1.0,0.7208600069476606,0.6486814954131435
40,0.6,5,0.6866666666666666,1.0,0.5655175352168251,1.0,0.7806606909560256,0.5914400987322163
40,0.8,5,0.72,1.0,0.5655175352168251,1.0,0.8105235646240594,0.5628011441468772
40,1.0,5,0.7866666666666667,1.0,0.5655175352168251,1.0,0.8574761979630885,0.5849860317297375
