initial_traders,trade_attractiveness,n,control_mean,control_sd,control_ci_low,control_ci_high,widespread_count,widespread_probability,widespread_wilson_low,widespread_wilson_high,kingdom_count,kingdom_probability,kingdom_wilson_low,kingdom_wilson_high,religion_mean,dependency_mean,profit_mean,successful_trades_mean
8,0.6,20,0.21333333333333332,0.06250146197120521,0.18408174870850316,0.24258491795816348,0,0.0,0.0,0.16112515805281938,4,0.2,0.08065766257979806,0.41601743225189364,0.7642382584408114,0.22367639752353133,1682.6856340788058,297.7
8,0.8,20,0.35833333333333334,0.06294432702073768,0.32887448148522214,0.38779218518144454,0,0.0,0.0,0.16112515805281938,11,0.55,0.34208534245034233,0.7418021417443759,0.733046612215931,0.3712225976096582,2509.6061176968533,306.8
8,1.0,20,0.445,0.06863327411532597,0.4128786389542608,0.4771213610457392,6,0.3,0.1454772448676043,0.5189728183535235,15,0.75,0.531299122381256,0.8881382985923343,0.6784706608209728,0.462743098932682,3126.8199655966264,299.85
12,0.6,20,0.38666666666666666,0.04763408283942515,0.3643732296612163,0.408960103672117,0,0.0,0.0,0.16112515805281938,14,0.7,0.4810271816464765,0.8545227551323956,0.7170165934196494,0.4036055341039166,2670.0969587262016,455.05
12,0.8,20,0.5233333333333333,0.07342896475844579,0.48896751997788085,0.5576991466887857,16,0.8,0.5839825677481064,0.919342337420202,14,0.7,0.4810271816464765,0.8545227551323956,0.6751108098451384,0.5498801453629051,3839.6840641234876,465.2
12,1.0,20,0.5783333333333334,0.0703167436990966,0.5454240842696197,0.611242582397047,20,1.0,0.8388748419471806,1.0,19,0.95,0.763868806553258,0.9911185511992047,0.6399612425423437,0.6169980012581731,4809.78860963154,457.9
16,0.6,20,0.4966666666666667,0.07865834032652846,0.45985343020877123,0.5334799031245622,10,0.5,0.2992980081982123,0.7007019918017877,15,0.75,0.531299122381256,0.8881382985923343,0.6730117658861176,0.5347897629963433,3604.489976505634,611.25
16,0.8,20,0.625,0.06009252125773314,0.5968758343332863,0.6531241656667137,20,1.0,0.8388748419471806,1.0,18,0.9,0.6989663547715128,0.9721335187862319,0.6554885727506686,0.6617447470803689,5456.656454031303,645.65
16,1.0,20,0.6449999999999999,0.057506673907118375,0.6180860481461766,0.6719139518538232,20,1.0,0.8388748419471806,1.0,20,1.0,0.8388748419471806,1.0,0.6202093458320259,0.7147490639188576,6737.673171806035,625.45
20,0.6,20,0.605,0.059505761674938824,0.5771504462711389,0.6328495537288611,20,1.0,0.8388748419471806,1.0,16,0.8,0.5839825677481064,0.919342337420202,0.6643293260346886,0.6453852215665725,4900.799795273132,799.7
20,0.8,20,0.6383333333333333,0.051041778553404034,0.6144450456410454,0.6622216210256212,20,1.0,0.8388748419471806,1.0,18,0.9,0.6989663547715128,0.9721335187862319,0.615498720520482,0.7114840673172681,6352.84427289541,766.8
20,1.0,20,0.6950000000000001,0.06513593523147984,0.6645154439360333,0.7254845560639668,20,1.0,0.8388748419471806,1.0,20,1.0,0.8388748419471806,1.0,0.6066960842987881,0.768279121806305,8397.417184051608,783.25
24,0.6,20,0.6333333333333333,0.059234887775909226,0.6056105524915412,0.6610561141751254,19,0.95,0.763868806553258,0.9911185511992047,17,0.85,0.6395811352592431,0.9476312541037835,0.6390385321866945,0.6962526874642395,6033.119166038593,987.25
24,0.8,20,0.6833333333333333,0.05671308728156006,0.6567907914530136,0.7098758752136531,20,1.0,0.8388748419471806,1.0,17,0.85,0.6395811352592431,0.9476312541037835,0.5881544331984759,0.7606247110469025,7821.227765555448,940.95
24,1.0,20,0.715,0.053503019535491705,0.689959816070424,0.7400401839295759,20,1.0,0.8388748419471806,1.0,18,0.9,0.6989663547715128,0.9721335187862319,0.5852287109486014,0.7991178607021805,9584.538326666621,914.0
