factor,value,n,control_mean,widespread_probability,religion_mean,dependency_mean
initial-missionaries,12.0,96,0.6114583333333333,0.8333333333333334,0.6251656289387697,0.7343575329289421
initial-missionaries,40.0,96,0.6215277777777778,0.875,0.6954982642526698,0.7857659530859812
initial-traders,12.0,96,0.5263888888888889,0.7083333333333334,0.7396635761884339,0.6535434378154636
initial-traders,40.0,96,0.7065972222222222,1.0,0.5810003170030057,0.8665800481994596
trade-attractiveness,0.6,96,0.571875,0.75,0.683808076218808,0.7154402158210482
trade-attractiveness,1.0,96,0.6611111111111111,0.9583333333333334,0.6368558169726316,0.804683270193875
tech-decay-rate,0.005,96,0.6135416666666667,0.84375,0.6666850531055681,0.7541532696144665
tech-decay-rate,0.015,96,0.6194444444444445,0.8645833333333334,0.6539788400858714,0.7659702164004566
religion-trade-weight,0.55,96,0.5774305555555556,0.8020833333333334,0.6856972081012033,0.7191590961418673
religion-trade-weight,0.8,96,0.6555555555555556,0.90625,0.6349666850902362,0.8009643898730557
independence-effort,0.0,96,0.6378472222222222,0.9479166666666666,0.630919940109815,0.8602641109647982
independence-effort,0.15,96,0.5951388888888889,0.7604166666666666,0.6897439530816246,0.659859375050125
