"BehaviorSpace results (NetLogo 6.4.0)","Table version 2.0"
"/home/adam/repos/foundation-simulation/model/foundation.nlogo"
"Tipping mechanism screening"
"10/10/2026 22:57:07:969 +0200"
"min-pxcor","max-pxcor","min-pycor","max-pycor"
"-32","31","-32","31"
"[run number]","tick-limit","missionary-effectiveness","royal-intolerance","initial-missionaries","initial-traders","trade-attractiveness","tech-decay-rate","religion-trade-weight","independence-effort","view-mode","[step]","control-fraction","controlled-planets","controlled-kingdoms","mean-religion","mean-dependency","cumulative-trade-profit","total-successful-trades","total-executed-missionaries","total-executed-traders","ticks","active-tick-limit","model-valid?"
"4","1000","0.5","0","12","12","0.6","0.005","0.55","0.15","kingdom","1000","0.16666666666666666","5","0","0.7334206641027414","0.21251732629465703","1806.3555180273597","330","19","23","1000","1000","true"
"3","1000","0.5","0","12","12","0.6","0.005","0.55","0","kingdom","1000","0.5","15","0","0.8209682286288984","0.6409201463223247","1278.819506719537","313","35","35","1000","1000","true"
"2","1000","0.5","0","12","12","0.6","0.005","0.55","0","kingdom","1000","0.5","15","0","0.7472080889469026","0.6414409065832573","2048.19606801972","343","21","18","1000","1000","true"
"1","1000","0.5","0","12","12","0.6","0.005","0.55","0","kingdom","1000","0.5666666666666667","17","3","0.686639220316355","0.6587374749036041","1812.7392842750444","330","27","25","1000","1000","true"
"6","1000","0.5","0","12","12","0.6","0.005","0.55","0.15","kingdom","1000","0.3","9","0","0.7467486447831363","0.2595551756632998","1941.2169891831438","357","31","26","1000","1000","true"
"5","1000","0.5","0","12","12","0.6","0.005","0.55","0.15","kingdom","1000","0.26666666666666666","8","0","0.6550570590010701","0.26655969206308705","1959.0722596654061","364","30","21","1000","1000","true"
"7","1000","0.5","0","12","12","0.6","0.005","0.8","0","kingdom","1000","0.6666666666666666","20","2","0.76810814725494","0.7664141257934699","2902.26317158009","474","32","22","1000","1000","true"
"8","1000","0.5","0","12","12","0.6","0.005","0.8","0","kingdom","1000","0.5666666666666667","17","1","0.6405386238367173","0.7620290041027814","2379.5285937627145","425","40","24","1000","1000","true"
"9","1000","0.5","0","12","12","0.6","0.005","0.8","0","kingdom","1000","0.7","21","2","0.6885802692240505","0.7746376420616274","2716.27492868928","455","26","26","1000","1000","true"
"12","1000","0.5","0","12","12","0.6","0.005","0.8","0.15","kingdom","1000","0.4","12","0","0.7645125488818875","0.39593108091569007","2525.4914126739886","446","23","28","1000","1000","true"
"10","1000","0.5","0","12","12","0.6","0.005","0.8","0.15","kingdom","1000","0.36666666666666664","11","1","0.6586792866555435","0.41868534918409084","2821.8162000773586","440","30","19","1000","1000","true"
"11","1000","0.5","0","12","12","0.6","0.005","0.8","0.15","kingdom","1000","0.4666666666666667","14","1","0.7026843043990812","0.4294159465597094","2969.0912054885302","502","23","26","1000","1000","true"
"13","1000","0.5","0","12","12","0.6","0.015","0.55","0","kingdom","1000","0.43333333333333335","13","0","0.7198228012353013","0.6914629263584416","1995.253660665254","368","26","22","1000","1000","true"
"14","1000","0.5","0","12","12","0.6","0.015","0.55","0","kingdom","1000","0.5333333333333333","16","1","0.7387875799593921","0.6307361253968833","1822.3212385159486","330","24","22","1000","1000","true"
"15","1000","0.5","0","12","12","0.6","0.015","0.55","0","kingdom","1000","0.5333333333333333","16","1","0.6924386088525095","0.6442647726972051","1575.250710136717","362","30","39","1000","1000","true"
"16","1000","0.5","0","12","12","0.6","0.015","0.55","0.15","kingdom","1000","0.23333333333333334","7","0","0.7181798326162215","0.267469055782146","1632.8627262429145","341","37","29","1000","1000","true"
"17","1000","0.5","0","12","12","0.6","0.015","0.55","0.15","kingdom","1000","0.13333333333333333","4","0","0.797458483959054","0.25154420422135865","1954.2648295935537","332","25","20","1000","1000","true"
"18","1000","0.5","0","12","12","0.6","0.015","0.55","0.15","kingdom","1000","0.3333333333333333","10","2","0.6753042877004245","0.3326569112789742","2119.896508541669","376","28","29","1000","1000","true"
"19","1000","0.5","0","12","12","0.6","0.015","0.8","0","kingdom","1000","0.5333333333333333","16","0","0.5722828150204508","0.7606033002582344","2618.496059363681","459","32","25","1000","1000","true"
"20","1000","0.5","0","12","12","0.6","0.015","0.8","0","kingdom","1000","0.6666666666666666","20","1","0.7181580487702145","0.8340354200688121","3145.121310581496","488","22","24","1000","1000","true"
"21","1000","0.5","0","12","12","0.6","0.015","0.8","0","kingdom","1000","0.5666666666666667","17","1","0.7604301670228775","0.7442121907478985","2378.3078556629293","419","26","14","1000","1000","true"
"22","1000","0.5","0","12","12","0.6","0.015","0.8","0.15","kingdom","1000","0.4","12","0","0.7058018031167362","0.42424458025716333","2454.102517115492","447","31","25","1000","1000","true"
"23","1000","0.5","0","12","12","0.6","0.015","0.8","0.15","kingdom","1000","0.43333333333333335","13","0","0.7155153329699934","0.4247202366157065","2602.0594756817304","471","29","31","1000","1000","true"
"24","1000","0.5","0","12","12","0.6","0.015","0.8","0.15","kingdom","1000","0.43333333333333335","13","0","0.6900144327075124","0.424789649843154","2560.1465912587005","452","29","25","1000","1000","true"
"25","1000","0.5","0","12","12","1","0.005","0.55","0","kingdom","1000","0.5666666666666667","17","0","0.6995234186887352","0.7640510713539548","3398.522322112907","327","24","33","1000","1000","true"
"26","1000","0.5","0","12","12","1","0.005","0.55","0","kingdom","1000","0.5","15","1","0.52058386692142","0.6871907842196209","2474.2207049476015","299","50","47","1000","1000","true"
"27","1000","0.5","0","12","12","1","0.005","0.55","0","kingdom","1000","0.6666666666666666","20","1","0.7116056576698604","0.8371357299616122","3635.720219005419","345","28","22","1000","1000","true"
"28","1000","0.5","0","12","12","1","0.005","0.55","0.15","kingdom","1000","0.43333333333333335","13","0","0.6844364677206595","0.48022994231761656","3466.1494117198245","356","27","31","1000","1000","true"
"30","1000","0.5","0","12","12","1","0.005","0.55","0.15","kingdom","1000","0.5","15","1","0.8021178869334711","0.481027242828497","3241.573526248014","327","28","29","1000","1000","true"
"29","1000","0.5","0","12","12","1","0.005","0.55","0.15","kingdom","1000","0.6","18","3","0.6882750695390971","0.5727828285879355","3848.6423904746093","360","28","27","1000","1000","true"
"31","1000","0.5","0","12","12","1","0.005","0.8","0","kingdom","1000","0.7","21","1","0.6588200435184075","0.8675613304349917","4919.664271375652","444","31","23","1000","1000","true"
"32","1000","0.5","0","12","12","1","0.005","0.8","0","kingdom","1000","0.6666666666666666","20","0","0.6051228687555671","0.820147113023207","4456.6939900173775","427","32","18","1000","1000","true"
"34","1000","0.5","0","12","12","1","0.005","0.8","0.15","kingdom","1000","0.6","18","2","0.6406961327019973","0.6129058208580854","3970.961210655835","416","37","27","1000","1000","true"
"33","1000","0.5","0","12","12","1","0.005","0.8","0","kingdom","1000","0.7333333333333333","22","2","0.6923646994328326","0.8433579569847905","4794.860844000028","437","39","23","1000","1000","true"
"35","1000","0.5","0","12","12","1","0.005","0.8","0.15","kingdom","1000","0.6666666666666666","20","0","0.771281279145134","0.6676709325831389","4985.7012772754715","499","23","18","1000","1000","true"
"36","1000","0.5","0","12","12","1","0.005","0.8","0.15","kingdom","1000","0.6333333333333333","19","1","0.7229232818271465","0.6741973439412408","4459.055858802887","423","31","18","1000","1000","true"
"38","1000","0.5","0","12","12","1","0.015","0.55","0","kingdom","1000","0.6","18","0","0.7998720113522502","0.729544511329531","3375.735607228938","340","32","30","1000","1000","true"
"39","1000","0.5","0","12","12","1","0.015","0.55","0","kingdom","1000","0.5666666666666667","17","2","0.7104907323524174","0.7146297519326983","3554.4638507668083","342","26","27","1000","1000","true"
"37","1000","0.5","0","12","12","1","0.015","0.55","0","kingdom","1000","0.5666666666666667","17","3","0.6592001311543939","0.6905040923383725","3144.961606417486","335","34","32","1000","1000","true"
"40","1000","0.5","0","12","12","1","0.015","0.55","0.15","kingdom","1000","0.4666666666666667","14","1","0.722913891105824","0.5276681367356025","3176.4426172658177","319","27","33","1000","1000","true"
"41","1000","0.5","0","12","12","1","0.015","0.55","0.15","kingdom","1000","0.5333333333333333","16","1","0.7243747456321212","0.5511043392018486","3974.424389025538","384","34","13","1000","1000","true"
"42","1000","0.5","0","12","12","1","0.015","0.55","0.15","kingdom","1000","0.3","9","0","0.47382810560784266","0.37943256542054654","2154.7772171560273","264","39","35","1000","1000","true"
"44","1000","0.5","0","12","12","1","0.015","0.8","0","kingdom","1000","0.6","18","0","0.5923238025811295","0.8297847230032253","5412.74570060402","493","26","22","1000","1000","true"
"43","1000","0.5","0","12","12","1","0.015","0.8","0","kingdom","1000","0.6333333333333333","19","3","0.5312270597609794","0.8010407988462309","5105.597902163886","456","22","31","1000","1000","true"
"45","1000","0.5","0","12","12","1","0.015","0.8","0","kingdom","1000","0.6333333333333333","19","2","0.6337703958032925","0.8220590403015632","5052.908788045876","461","35","17","1000","1000","true"
"46","1000","0.5","0","12","12","1","0.015","0.8","0.15","kingdom","1000","0.6333333333333333","19","1","0.6870754900330389","0.6374194624549702","5247.417193236568","478","34","18","1000","1000","true"
"48","1000","0.5","0","12","12","1","0.015","0.8","0.15","kingdom","1000","0.6666666666666666","20","1","0.6897097105444387","0.6773475724461046","5303.657901560558","483","37","16","1000","1000","true"
"47","1000","0.5","0","12","12","1","0.015","0.8","0.15","kingdom","1000","0.5666666666666667","17","3","0.5813830465212839","0.5830330407552908","5165.272761068565","506","40","37","1000","1000","true"
"50","1000","0.5","0","12","40","0.6","0.005","0.55","0","kingdom","1000","0.7","21","2","0.5392547046331512","0.8671804548625841","4424.6794443032395","986","53","158","1000","1000","true"
"49","1000","0.5","0","12","40","0.6","0.005","0.55","0","kingdom","1000","0.6666666666666666","20","1","0.5884282415649447","0.8899909244657113","5253.482568269099","1081","39","122","1000","1000","true"
"51","1000","0.5","0","12","40","0.6","0.005","0.55","0","kingdom","1000","0.6666666666666666","20","3","0.569094876880634","0.8425585410379329","4383.3628341490385","982","49","152","1000","1000","true"
"52","1000","0.5","0","12","40","0.6","0.005","0.55","0.15","kingdom","1000","0.6666666666666666","20","1","0.570070762813953","0.8030560287197467","5147.8584969514195","1037","46","127","1000","1000","true"
"54","1000","0.5","0","12","40","0.6","0.005","0.55","0.15","kingdom","1000","0.6333333333333333","19","1","0.5581869865288279","0.7790668392245589","5586.40578230613","1054","29","119","1000","1000","true"
"53","1000","0.5","0","12","40","0.6","0.005","0.55","0.15","kingdom","1000","0.6666666666666666","20","2","0.6260044359369841","0.7038418100864601","5852.621944050082","1126","40","117","1000","1000","true"
"56","1000","0.5","0","12","40","0.6","0.005","0.8","0","kingdom","1000","0.6","18","1","0.4891013912599721","0.8931320200711443","6461.100333120457","1204","25","148","1000","1000","true"
"55","1000","0.5","0","12","40","0.6","0.005","0.8","0","kingdom","1000","0.6333333333333333","19","1","0.5225768838987016","0.9290755956486821","7629.201724892484","1372","45","135","1000","1000","true"
"58","1000","0.5","0","12","40","0.6","0.005","0.8","0.15","kingdom","1000","0.6666666666666666","20","2","0.5304978588940613","0.7759924484598125","8004.838009555509","1363","34","100","1000","1000","true"
"57","1000","0.5","0","12","40","0.6","0.005","0.8","0","kingdom","1000","0.7","21","1","0.5069777124215649","0.930051426364743","6978.500091694436","1317","30","136","1000","1000","true"
"59","1000","0.5","0","12","40","0.6","0.005","0.8","0.15","kingdom","1000","0.7666666666666667","23","2","0.6134783671390879","0.8426378643043594","7779.440813056321","1373","43","110","1000","1000","true"
"60","1000","0.5","0","12","40","0.6","0.005","0.8","0.15","kingdom","1000","0.7","21","0","0.5354743104251388","0.8512660523855705","7505.573987415777","1320","35","119","1000","1000","true"
"61","1000","0.5","0","12","40","0.6","0.015","0.55","0","kingdom","1000","0.6666666666666666","20","2","0.5099098612646525","0.8337680168990808","5373.030544727876","1112","53","151","1000","1000","true"
"62","1000","0.5","0","12","40","0.6","0.015","0.55","0","kingdom","1000","0.6333333333333333","19","0","0.5313578680179","0.8937489233530845","6202.316993173479","1137","44","119","1000","1000","true"
"63","1000","0.5","0","12","40","0.6","0.015","0.55","0","kingdom","1000","0.7","21","1","0.6258921024173604","0.9550286240454781","6456.510096342531","1200","40","122","1000","1000","true"
"64","1000","0.5","0","12","40","0.6","0.015","0.55","0.15","kingdom","1000","0.7333333333333333","22","1","0.6938254951710457","0.7656186840557182","6736.7986572928285","1181","36","109","1000","1000","true"
"65","1000","0.5","0","12","40","0.6","0.015","0.55","0.15","kingdom","1000","0.6333333333333333","19","2","0.5690288807920443","0.7163435717207062","7193.687619442724","1296","36","132","1000","1000","true"
"66","1000","0.5","0","12","40","0.6","0.015","0.55","0.15","kingdom","1000","0.6","18","2","0.6116392456585381","0.7240158504009311","6101.070620160158","1161","28","115","1000","1000","true"
"67","1000","0.5","0","12","40","0.6","0.015","0.8","0","kingdom","1000","0.7666666666666667","23","1","0.5615175866404332","0.9618209190717031","9629.25106102795","1615","33","101","1000","1000","true"
"68","1000","0.5","0","12","40","0.6","0.015","0.8","0","kingdom","1000","0.7333333333333333","22","0","0.5883198863232948","0.9597898008972799","9880.161436334047","1613","32","98","1000","1000","true"
"69","1000","0.5","0","12","40","0.6","0.015","0.8","0","kingdom","1000","0.7666666666666667","23","1","0.5672489884458473","0.9291093984721066","9697.613472919678","1626","48","111","1000","1000","true"
"70","1000","0.5","0","12","40","0.6","0.015","0.8","0.15","kingdom","1000","0.7","21","3","0.6381415102269501","0.7978292702973714","10506.229301211792","1683","30","89","1000","1000","true"
"71","1000","0.5","0","12","40","0.6","0.015","0.8","0.15","kingdom","1000","0.6666666666666666","20","1","0.5922428361631679","0.777750263343365","8207.4743184897","1435","41","109","1000","1000","true"
"72","1000","0.5","0","12","40","0.6","0.015","0.8","0.15","kingdom","1000","0.7666666666666667","23","2","0.637451279158491","0.8193117818805609","8982.72777527379","1514","36","108","1000","1000","true"
"73","1000","0.5","0","12","40","1","0.005","0.55","0","kingdom","1000","0.7","21","2","0.5411120025543511","0.9021655851264666","8452.339710124588","916","45","148","1000","1000","true"
"74","1000","0.5","0","12","40","1","0.005","0.55","0","kingdom","1000","0.6666666666666666","20","2","0.5748234284553528","0.962792285688949","7282.6256909291005","843","44","165","1000","1000","true"
"75","1000","0.5","0","12","40","1","0.005","0.55","0","kingdom","1000","0.6666666666666666","20","2","0.5131124451104313","0.9755945652108982","6771.387830969422","785","48","149","1000","1000","true"
"76","1000","0.5","0","12","40","1","0.005","0.55","0.15","kingdom","1000","0.7","21","3","0.5215024313316123","0.7760414116573855","8117.503877207192","891","54","144","1000","1000","true"
"77","1000","0.5","0","12","40","1","0.005","0.55","0.15","kingdom","1000","0.7333333333333333","22","2","0.5644439675888437","0.8258060457574593","8206.812720245565","871","36","132","1000","1000","true"
"78","1000","0.5","0","12","40","1","0.005","0.55","0.15","kingdom","1000","0.7666666666666667","23","3","0.5802030243528686","0.8262928790812017","7511.58735205748","822","31","125","1000","1000","true"
"79","1000","0.5","0","12","40","1","0.005","0.8","0","kingdom","1000","0.7666666666666667","23","1","0.5113935447062067","0.9621969231964559","10661.75409549336","1113","45","145","1000","1000","true"
"80","1000","0.5","0","12","40","1","0.005","0.8","0","kingdom","1000","0.7333333333333333","22","3","0.5768721270717986","0.9681919316483382","13212.992845820516","1301","35","113","1000","1000","true"
"81","1000","0.5","0","12","40","1","0.005","0.8","0","kingdom","1000","0.6333333333333333","19","1","0.3826055011199438","0.8811930877072153","10153.026180804474","1067","50","157","1000","1000","true"
"82","1000","0.5","0","12","40","1","0.005","0.8","0.15","kingdom","1000","0.7","21","2","0.525146715991822","0.8825506389105989","9487.158877096383","1070","42","158","1000","1000","true"
"83","1000","0.5","0","12","40","1","0.005","0.8","0.15","kingdom","1000","0.7","21","1","0.5236250241767573","0.8587472846354508","10701.66489885735","1122","55","165","1000","1000","true"
"84","1000","0.5","0","12","40","1","0.005","0.8","0.15","kingdom","1000","0.7666666666666667","23","3","0.5883847742376624","0.8275228179259095","10614.900060780245","1087","40","147","1000","1000","true"
"85","1000","0.5","0","12","40","1","0.015","0.55","0","kingdom","1000","0.7","21","1","0.49500668652483704","0.8909484426019826","9959.706288972111","1074","43","145","1000","1000","true"
"86","1000","0.5","0","12","40","1","0.015","0.55","0","kingdom","1000","0.6666666666666666","20","2","0.5962484691062261","0.9079273955117018","9504.935958687623","992","43","126","1000","1000","true"
"87","1000","0.5","0","12","40","1","0.015","0.55","0","kingdom","1000","0.7333333333333333","22","3","0.5207281059576194","0.8763681945170946","10728.744366144181","1072","40","156","1000","1000","true"
"88","1000","0.5","0","12","40","1","0.015","0.55","0.15","kingdom","1000","0.7333333333333333","22","2","0.5505132178519734","0.8733962455444224","10869.72195887487","1065","39","135","1000","1000","true"
"89","1000","0.5","0","12","40","1","0.015","0.55","0.15","kingdom","1000","0.7333333333333333","22","4","0.6371503527516356","0.7632193754238038","10816.453904515894","1110","48","136","1000","1000","true"
"90","1000","0.5","0","12","40","1","0.015","0.55","0.15","kingdom","1000","0.8","24","3","0.616012129400778","0.8525159899350264","11153.260494072154","1101","36","128","1000","1000","true"
"91","1000","0.5","0","12","40","1","0.015","0.8","0","kingdom","1000","0.7333333333333333","22","1","0.5466191514603052","0.8894328295760334","12209.743781151683","1251","50","147","1000","1000","true"
"92","1000","0.5","0","12","40","1","0.015","0.8","0","kingdom","1000","0.8333333333333334","25","3","0.641923031066367","0.9591300188493349","13756.639967267976","1325","49","121","1000","1000","true"
"93","1000","0.5","0","12","40","1","0.015","0.8","0","kingdom","1000","0.8333333333333334","25","4","0.5408576660497599","0.9720988972043371","14662.127474209135","1427","47","137","1000","1000","true"
"94","1000","0.5","0","12","40","1","0.015","0.8","0.15","kingdom","1000","0.7","21","3","0.46861373663681855","0.846107056851956","10919.186729311647","1128","40","154","1000","1000","true"
"95","1000","0.5","0","12","40","1","0.015","0.8","0.15","kingdom","1000","0.7666666666666667","23","2","0.5734129277354404","0.9205034310192903","13568.22034468281","1291","36","134","1000","1000","true"
"97","1000","0.5","0","40","12","0.6","0.005","0.55","0","kingdom","1000","0.4666666666666667","14","0","0.791925303403454","0.7579278165822299","948.3512039557988","386","121","38","1000","1000","true"
"96","1000","0.5","0","12","40","1","0.015","0.8","0.15","kingdom","1000","0.7666666666666667","23","1","0.5286087689403818","0.9461853416941847","13964.991488903332","1361","54","111","1000","1000","true"
"98","1000","0.5","0","40","12","0.6","0.005","0.55","0","kingdom","1000","0.5","15","0","0.7985413859667202","0.7742207100825816","1349.8903829036492","422","140","25","1000","1000","true"
"99","1000","0.5","0","40","12","0.6","0.005","0.55","0","kingdom","1000","0.4666666666666667","14","0","0.8389975082776926","0.7798758259453725","1592.1597119005753","426","120","22","1000","1000","true"
"100","1000","0.5","0","40","12","0.6","0.005","0.55","0.15","kingdom","1000","0.3333333333333333","10","1","0.9541803144130209","0.30748363356847214","2289.9996719574515","463","71","16","1000","1000","true"
"101","1000","0.5","0","40","12","0.6","0.005","0.55","0.15","kingdom","1000","0.3333333333333333","10","1","0.9362586112584085","0.35662919753312033","2202.180471358984","504","97","28","1000","1000","true"
"102","1000","0.5","0","40","12","0.6","0.005","0.55","0.15","kingdom","1000","0.3","9","0","0.964552989459324","0.3016287615377021","2184.7471956837408","460","71","22","1000","1000","true"
"103","1000","0.5","0","40","12","0.6","0.005","0.8","0","kingdom","1000","0.5333333333333333","16","0","0.8033828921460827","0.8384805703730227","2105.015462740853","529","115","35","1000","1000","true"
"104","1000","0.5","0","40","12","0.6","0.005","0.8","0","kingdom","1000","0.5666666666666667","17","0","0.7819648051223637","0.8437618806694313","1781.3470034269599","523","163","28","1000","1000","true"
"105","1000","0.5","0","40","12","0.6","0.005","0.8","0","kingdom","1000","0.36666666666666664","11","0","0.592517716965885","0.8260628058175076","1823.6389051394144","508","161","32","1000","1000","true"
"106","1000","0.5","0","40","12","0.6","0.005","0.8","0.15","kingdom","1000","0.5","15","1","0.7411502287276419","0.5504799118373355","2760.958669386736","619","149","9","1000","1000","true"
"107","1000","0.5","0","40","12","0.6","0.005","0.8","0.15","kingdom","1000","0.4666666666666667","14","0","0.8332876233811596","0.4991203151429958","2487.306704098223","604","122","27","1000","1000","true"
"109","1000","0.5","0","40","12","0.6","0.015","0.55","0","kingdom","1000","0.5","15","0","0.8517221258229936","0.786187272772336","1950.4316428235186","466","100","22","1000","1000","true"
"108","1000","0.5","0","40","12","0.6","0.005","0.8","0.15","kingdom","1000","0.43333333333333335","13","0","0.8649102789593693","0.4842861431164203","2721.085466663106","624","117","17","1000","1000","true"
"110","1000","0.5","0","40","12","0.6","0.015","0.55","0","kingdom","1000","0.5","15","0","0.7963507245461953","0.7994240872216335","1355.4366055648964","390","111","26","1000","1000","true"
"111","1000","0.5","0","40","12","0.6","0.015","0.55","0","kingdom","1000","0.5666666666666667","17","1","0.8320903802852011","0.7574018301397356","1382.643534042018","412","111","29","1000","1000","true"
"112","1000","0.5","0","40","12","0.6","0.015","0.55","0.15","kingdom","1000","0.26666666666666666","8","0","0.9426460123499297","0.37539724127446367","2741.0274609424114","531","89","10","1000","1000","true"
"113","1000","0.5","0","40","12","0.6","0.015","0.55","0.15","kingdom","1000","0.3","9","0","0.9571585130426848","0.3731230921006165","2626.5120981788627","472","73","15","1000","1000","true"
"114","1000","0.5","0","40","12","0.6","0.015","0.55","0.15","kingdom","1000","0.23333333333333334","7","0","0.9660871935040839","0.2622789645281833","1970.8416544579386","430","83","19","1000","1000","true"
"115","1000","0.5","0","40","12","0.6","0.015","0.8","0","kingdom","1000","0.5666666666666667","17","1","0.7413464926661019","0.8881344444186269","1999.8527942860298","549","153","25","1000","1000","true"
"116","1000","0.5","0","40","12","0.6","0.015","0.8","0","kingdom","1000","0.6666666666666666","20","1","0.7185699684140822","0.9025204676834987","2253.0903884118648","558","150","29","1000","1000","true"
"117","1000","0.5","0","40","12","0.6","0.015","0.8","0","kingdom","1000","0.5333333333333333","16","0","0.6805833511432217","0.9167980918617853","2547.322262392318","577","149","19","1000","1000","true"
"118","1000","0.5","0","40","12","0.6","0.015","0.8","0.15","kingdom","1000","0.5","15","0","0.8947669332853121","0.5961965947432194","3318.516791950845","631","125","14","1000","1000","true"
"119","1000","0.5","0","40","12","0.6","0.015","0.8","0.15","kingdom","1000","0.6","18","1","0.8923713877210196","0.6039488483844602","3604.4799277074408","635","77","16","1000","1000","true"
"121","1000","0.5","0","40","12","1","0.005","0.55","0","kingdom","1000","0.5","15","1","0.7271538363168244","0.7987666457555292","2623.821466666338","417","168","44","1000","1000","true"
"120","1000","0.5","0","40","12","0.6","0.015","0.8","0.15","kingdom","1000","0.5","15","0","0.8677947167107288","0.56364935222567","3401.886048832673","629","109","15","1000","1000","true"
"122","1000","0.5","0","40","12","1","0.005","0.55","0","kingdom","1000","0.6666666666666666","20","1","0.7442716847034252","0.8481003176231954","1829.960751564752","358","172","53","1000","1000","true"
"123","1000","0.5","0","40","12","1","0.005","0.55","0","kingdom","1000","0.5666666666666667","17","0","0.7166865949517934","0.829109773015837","2194.4877789836705","366","153","42","1000","1000","true"
"124","1000","0.5","0","40","12","1","0.005","0.55","0.15","kingdom","1000","0.5333333333333333","16","0","0.8557503935491682","0.5780379610321948","3587.3866313183166","435","111","31","1000","1000","true"
"125","1000","0.5","0","40","12","1","0.005","0.55","0.15","kingdom","1000","0.6","18","0","0.8739481892907985","0.5946067772671755","3847.6004661797174","420","107","24","1000","1000","true"
"126","1000","0.5","0","40","12","1","0.005","0.55","0.15","kingdom","1000","0.5666666666666667","17","0","0.8686626624280507","0.5902916492194257","3435.5270489103586","417","125","32","1000","1000","true"
"127","1000","0.5","0","40","12","1","0.005","0.8","0","kingdom","1000","0.7","21","2","0.6432956809442516","0.9047753633927171","4194.898221986417","525","178","32","1000","1000","true"
"128","1000","0.5","0","40","12","1","0.005","0.8","0","kingdom","1000","0.8","24","3","0.7522962575922104","0.927529919176046","4301.796469107753","538","158","27","1000","1000","true"
"129","1000","0.5","0","40","12","1","0.005","0.8","0","kingdom","1000","0.6","18","1","0.6754665483952849","0.8904458637500328","3718.0219316553685","466","159","32","1000","1000","true"
"130","1000","0.5","0","40","12","1","0.005","0.8","0.15","kingdom","1000","0.6666666666666666","20","0","0.8339518227150848","0.7334270483456042","4536.473446027292","554","158","30","1000","1000","true"
"131","1000","0.5","0","40","12","1","0.005","0.8","0.15","kingdom","1000","0.6666666666666666","20","1","0.7210243096489736","0.7103575994684692","4627.583232345366","541","160","25","1000","1000","true"
"133","1000","0.5","0","40","12","1","0.015","0.55","0","kingdom","1000","0.5666666666666667","17","0","0.7368965309948272","0.9107601035443854","3522.6198295668846","410","112","25","1000","1000","true"
"132","1000","0.5","0","40","12","1","0.005","0.8","0.15","kingdom","1000","0.7","21","2","0.780682812568582","0.7479674344332531","4956.26754583612","545","141","28","1000","1000","true"
"135","1000","0.5","0","40","12","1","0.015","0.55","0","kingdom","1000","0.43333333333333335","13","0","0.6955662326433334","0.8444587731418787","2018.3424495101121","329","150","42","1000","1000","true"
"134","1000","0.5","0","40","12","1","0.015","0.55","0","kingdom","1000","0.6","18","0","0.7452461702188076","0.8894615986589497","3446.9284613449563","447","142","39","1000","1000","true"
"136","1000","0.5","0","40","12","1","0.015","0.55","0.15","kingdom","1000","0.5333333333333333","16","0","0.8435534914448922","0.6435015825538171","3787.89444762205","420","119","29","1000","1000","true"
"137","1000","0.5","0","40","12","1","0.015","0.55","0.15","kingdom","1000","0.5333333333333333","16","0","0.8777166937440257","0.574878284074027","3499.030306042638","420","124","21","1000","1000","true"
"138","1000","0.5","0","40","12","1","0.015","0.55","0.15","kingdom","1000","0.5666666666666667","17","0","0.7750804032189886","0.6283259284924563","3365.4614107034695","426","156","29","1000","1000","true"
"139","1000","0.5","0","40","12","1","0.015","0.8","0","kingdom","1000","0.7","21","1","0.6718597294873635","0.9391359287819501","4689.553066787555","538","170","29","1000","1000","true"
"140","1000","0.5","0","40","12","1","0.015","0.8","0","kingdom","1000","0.6666666666666666","20","1","0.6768086557625532","0.9197892513065181","4845.4518990231845","536","145","33","1000","1000","true"
"141","1000","0.5","0","40","12","1","0.015","0.8","0","kingdom","1000","0.6333333333333333","19","3","0.4975709362777627","0.8776629929067155","4755.961304106206","549","176","35","1000","1000","true"
"142","1000","0.5","0","40","12","1","0.015","0.8","0.15","kingdom","1000","0.7333333333333333","22","2","0.8395931478595181","0.7659902139568574","4728.604445480837","543","122","26","1000","1000","true"
"144","1000","0.5","0","40","12","1","0.015","0.8","0.15","kingdom","1000","0.6333333333333333","19","0","0.6321009775954843","0.7689659969894495","4479.095223410026","551","163","26","1000","1000","true"
"143","1000","0.5","0","40","12","1","0.015","0.8","0.15","kingdom","1000","0.6333333333333333","19","1","0.658103018899617","0.769395788003349","5227.098063001691","569","155","28","1000","1000","true"
"145","1000","0.5","0","40","40","0.6","0.005","0.55","0","kingdom","1000","0.7","21","2","0.6284649495896837","0.9226198855781895","3509.223099619637","1067","174","172","1000","1000","true"
"146","1000","0.5","0","40","40","0.6","0.005","0.55","0","kingdom","1000","0.6333333333333333","19","0","0.6223563796039786","0.9054663488157453","3160.5832476922956","1001","185","170","1000","1000","true"
"147","1000","0.5","0","40","40","0.6","0.005","0.55","0","kingdom","1000","0.6","18","0","0.6235408231274013","0.8958073320129444","3129.269385101927","1057","177","180","1000","1000","true"
"148","1000","0.5","0","40","40","0.6","0.005","0.55","0.15","kingdom","1000","0.6666666666666666","20","0","0.7577361170600814","0.7913561495442967","4935.80976272103","1179","153","140","1000","1000","true"
"149","1000","0.5","0","40","40","0.6","0.005","0.55","0.15","kingdom","1000","0.7","21","2","0.7057358212198328","0.7047104052806998","4075.2084484514107","1139","183","162","1000","1000","true"
"150","1000","0.5","0","40","40","0.6","0.005","0.55","0.15","kingdom","1000","0.7","21","2","0.7332662525842923","0.7777817391386781","4640.328481112722","1108","150","154","1000","1000","true"
"151","1000","0.5","0","40","40","0.6","0.005","0.8","0","kingdom","1000","0.7666666666666667","23","2","0.6058110669247836","0.9273424584209736","5408.821252726669","1369","188","172","1000","1000","true"
"152","1000","0.5","0","40","40","0.6","0.005","0.8","0","kingdom","1000","0.6333333333333333","19","1","0.510460599835935","0.976051724440085","6383.210055817468","1434","179","168","1000","1000","true"
"153","1000","0.5","0","40","40","0.6","0.005","0.8","0","kingdom","1000","0.7333333333333333","22","3","0.5741647460003718","0.9236560953251107","5736.574049709874","1387","176","177","1000","1000","true"
"154","1000","0.5","0","40","40","0.6","0.005","0.8","0.15","kingdom","1000","0.7","21","1","0.6266603894294704","0.8145942390968078","6377.794689408064","1446","184","167","1000","1000","true"
"155","1000","0.5","0","40","40","0.6","0.005","0.8","0.15","kingdom","1000","0.7333333333333333","22","2","0.6674913307383785","0.7947432821022746","7207.626167910875","1511","160","155","1000","1000","true"
"156","1000","0.5","0","40","40","0.6","0.005","0.8","0.15","kingdom","1000","0.7333333333333333","22","2","0.6816666941724869","0.7920821220450805","7078.409961408832","1490","175","146","1000","1000","true"
"157","1000","0.5","0","40","40","0.6","0.015","0.55","0","kingdom","1000","0.6666666666666666","20","2","0.5333265273509852","0.9410982998896997","5104.217953217588","1252","156","155","1000","1000","true"
"158","1000","0.5","0","40","40","0.6","0.015","0.55","0","kingdom","1000","0.6666666666666666","20","1","0.6046993004153423","0.964529639216399","6068.067075503611","1352","162","137","1000","1000","true"
"159","1000","0.5","0","40","40","0.6","0.015","0.55","0","kingdom","1000","0.6666666666666666","20","0","0.5660190692454214","0.9934200752286044","5889.425276848758","1306","166","141","1000","1000","true"
"161","1000","0.5","0","40","40","0.6","0.015","0.55","0.15","kingdom","1000","0.7333333333333333","22","3","0.6055613640143724","0.754083503005306","5415.774124410384","1325","180","171","1000","1000","true"
"160","1000","0.5","0","40","40","0.6","0.015","0.55","0.15","kingdom","1000","0.6333333333333333","19","1","0.6356759559575533","0.715677819726451","4351.404634218625","1156","162","178","1000","1000","true"
"162","1000","0.5","0","40","40","0.6","0.015","0.55","0.15","kingdom","1000","0.6666666666666666","20","3","0.750026662665992","0.7486865377545465","5114.439871527216","1251","163","152","1000","1000","true"
"163","1000","0.5","0","40","40","0.6","0.015","0.8","0","kingdom","1000","0.7","21","3","0.48519602518925015","0.8854483411534663","7077.379060642952","1567","187","161","1000","1000","true"
"164","1000","0.5","0","40","40","0.6","0.015","0.8","0","kingdom","1000","0.7","21","1","0.5276019400345139","0.9181082279144382","8019.668673815124","1622","181","135","1000","1000","true"
"165","1000","0.5","0","40","40","0.6","0.015","0.8","0","kingdom","1000","0.5666666666666667","17","0","0.3699666577290757","0.9027974419241359","7208.210823550879","1558","200","176","1000","1000","true"
"166","1000","0.5","0","40","40","0.6","0.015","0.8","0.15","kingdom","1000","0.8333333333333334","25","3","0.6126720563322533","0.8580573766888631","8359.723775181195","1689","181","144","1000","1000","true"
"167","1000","0.5","0","40","40","0.6","0.015","0.8","0.15","kingdom","1000","0.8666666666666667","26","1","0.6339342637874587","0.907077434803904","8924.113486212695","1739","176","141","1000","1000","true"
"169","1000","0.5","0","40","40","1","0.005","0.55","0","kingdom","1000","0.6333333333333333","19","1","0.6222297206443714","0.8858562452470036","5876.128016432834","851","183","189","1000","1000","true"
"168","1000","0.5","0","40","40","0.6","0.015","0.8","0.15","kingdom","1000","0.7666666666666667","23","2","0.6473215137852208","0.8224780261112431","7926.166627519928","1648","172","147","1000","1000","true"
"170","1000","0.5","0","40","40","1","0.005","0.55","0","kingdom","1000","0.7","21","1","0.5644946080856068","0.9682431961697419","6187.858000153322","867","182","181","1000","1000","true"
"173","1000","0.5","0","40","40","1","0.005","0.55","0.15","kingdom","1000","0.6666666666666666","20","2","0.6008895749153861","0.7707271948673816","6758.847905888298","929","182","167","1000","1000","true"
"171","1000","0.5","0","40","40","1","0.005","0.55","0","kingdom","1000","0.6666666666666666","20","0","0.5802120460425523","0.8994009800836048","7005.701379600999","941","192","181","1000","1000","true"
"172","1000","0.5","0","40","40","1","0.005","0.55","0.15","kingdom","1000","0.7666666666666667","23","3","0.689657587685435","0.8040952527866404","7204.661720717703","938","158","175","1000","1000","true"
"174","1000","0.5","0","40","40","1","0.005","0.55","0.15","kingdom","1000","0.7333333333333333","22","1","0.6849766086289403","0.8083239360854892","6370.708591480028","866","175","171","1000","1000","true"
"175","1000","0.5","0","40","40","1","0.005","0.8","0","kingdom","1000","0.7333333333333333","22","2","0.6053917978672161","0.9514030678149813","8893.454066313143","1104","192","170","1000","1000","true"
"177","1000","0.5","0","40","40","1","0.005","0.8","0","kingdom","1000","0.7","21","0","0.5629092463903174","0.9220867793415758","8561.689426192843","1113","185","183","1000","1000","true"
"176","1000","0.5","0","40","40","1","0.005","0.8","0","kingdom","1000","0.7666666666666667","23","1","0.6386792965265176","0.9512316729900039","11954.124153106657","1367","185","172","1000","1000","true"
"178","1000","0.5","0","40","40","1","0.005","0.8","0.15","kingdom","1000","0.6333333333333333","19","2","0.5519510415015954","0.7941263627175358","9024.506831079965","1103","192","181","1000","1000","true"
"179","1000","0.5","0","40","40","1","0.005","0.8","0.15","kingdom","1000","0.7","21","2","0.5811948096570564","0.863673721949675","11288.555451146756","1286","169","165","1000","1000","true"
"181","1000","0.5","0","40","40","1","0.015","0.55","0","kingdom","1000","0.7333333333333333","22","1","0.5429149174151989","0.9155443721899558","7281.688450791922","957","192","182","1000","1000","true"
"180","1000","0.5","0","40","40","1","0.005","0.8","0.15","kingdom","1000","0.7333333333333333","22","2","0.623695860736955","0.7879123367286763","10850.389442115391","1256","187","163","1000","1000","true"
"182","1000","0.5","0","40","40","1","0.015","0.55","0","kingdom","1000","0.7666666666666667","23","1","0.6713179673367021","0.9373949503467736","8430.611163231992","1043","181","172","1000","1000","true"
"183","1000","0.5","0","40","40","1","0.015","0.55","0","kingdom","1000","0.7333333333333333","22","1","0.6493415427277557","0.9245554535217015","8627.35510328711","1046","171","156","1000","1000","true"
"184","1000","0.5","0","40","40","1","0.015","0.55","0.15","kingdom","1000","0.6666666666666666","20","2","0.5611453405338942","0.7952893797765833","7303.471408384997","978","179","175","1000","1000","true"
"185","1000","0.5","0","40","40","1","0.015","0.55","0.15","kingdom","1000","0.7666666666666667","23","2","0.5895637501459671","0.9141927356643254","9313.593082757317","1110","175","165","1000","1000","true"
"186","1000","0.5","0","40","40","1","0.015","0.55","0.15","kingdom","1000","0.7666666666666667","23","3","0.5799299374374666","0.8180815713017265","8340.549670350641","1055","177","174","1000","1000","true"
"187","1000","0.5","0","40","40","1","0.015","0.8","0","kingdom","1000","0.6666666666666666","20","3","0.5454264251014298","0.8746713004183242","10669.782263466323","1266","185","186","1000","1000","true"
"188","1000","0.5","0","40","40","1","0.015","0.8","0","kingdom","1000","0.6333333333333333","19","1","0.555094784710009","0.873961574078536","10193.202433459734","1198","192","178","1000","1000","true"
"189","1000","0.5","0","40","40","1","0.015","0.8","0","kingdom","1000","0.7","21","1","0.45773274958784177","0.8840711148244325","11407.715697200925","1307","198","166","1000","1000","true"
"190","1000","0.5","0","40","40","1","0.015","0.8","0.15","kingdom","1000","0.6666666666666666","20","2","0.5132380535037461","0.8652623100189728","10429.561152005439","1235","186","187","1000","1000","true"
"191","1000","0.5","0","40","40","1","0.015","0.8","0.15","kingdom","1000","0.8666666666666667","26","3","0.6889651328266666","0.949058439205592","13661.216298527477","1458","174","167","1000","1000","true"
"192","1000","0.5","0","40","40","1","0.015","0.8","0.15","kingdom","1000","0.7","21","3","0.5110798226292458","0.8059323884567559","10689.274369514424","1248","192","186","1000","1000","true"
